Model,Test_RMSE,Test_MAE,Test_R2
random_forest,43.63514037909338,34.94969891214311,0.21706490609551687
lightgbm,43.73836835996191,35.11319683502624,0.2133561334232792
linear_regression,45.278752411150975,36.4564406538307,0.15697217507250383
